#TAXONOMY	domain	phylum	class	order	family	genus	species
Achromobacter_denitrificans	Bacteria	Proteobacteria	Betaproteobacteria	Burkholderiales	Alcaligenaceae	Achromobacter	Achromobacter_denitrificans
Achromobacter_xylosoxidans	Bacteria	Proteobacteria	Betaproteobacteria	Burkholderiales	Alcaligenaceae	Achromobacter	Achromobacter_xylosoxidans
Acidovorax_temperans	Bacteria	Proteobacteria	Betaproteobacteria	Burkholderiales	Comamonadaceae	Acidovorax	Acidovorax_temperans
Acinetobacter_beijerinckii	Bacteria	Proteobacteria	Gammaproteobacteria	Pseudomonadales	Moraxellaceae	Acinetobacter	Acinetobacter_beijerinckii
Acinetobacter_ursingii	Bacteria	Proteobacteria	Gammaproteobacteria	Pseudomonadales	Moraxellaceae	Acinetobacter	Acinetobacter_ursingii
Actinomyces_dentalis	Bacteria	Actinobacteria	Actinobacteria	Actinomycetales	Actinomycetaceae	Actinomyces	Actinomyces_dentalis
Actinomyces_johnsonii	Bacteria	Actinobacteria	Actinobacteria	Actinomycetales	Actinomycetaceae	Actinomyces	Actinomyces_johnsonii
Actinomyces_massiliensis	Bacteria	Actinobacteria	Actinobacteria	Actinomycetales	Actinomycetaceae	Actinomyces	Actinomyces_massiliensis
Actinomyces_naeslundii	Bacteria	Actinobacteria	Actinobacteria	Actinomycetales	Actinomycetaceae	Actinomyces	Actinomyces_naeslundii
Actinomyces_oris	Bacteria	Actinobacteria	Actinobacteria	Actinomycetales	Actinomycetaceae	Actinomyces	Actinomyces_oris
Actinomyces_viscosus	Bacteria	Actinobacteria	Actinobacteria	Actinomycetales	Actinomycetaceae	Actinomyces	Actinomyces_viscosus
Aeromonas_caviae	Bacteria	Proteobacteria	Gammaproteobacteria	Aeromonadales	Aeromonadaceae	Aeromonas	Aeromonas_caviae
Aeromonas_hydrophila	Bacteria	Proteobacteria	Gammaproteobacteria	Aeromonadales	Aeromonadaceae	Aeromonas	Aeromonas_hydrophila
Aeromonas_jandaei	Bacteria	Proteobacteria	Gammaproteobacteria	Aeromonadales	Aeromonadaceae	Aeromonas	Aeromonas_jandaei
Aeromonas_veronii	Bacteria	Proteobacteria	Gammaproteobacteria	Aeromonadales	Aeromonadaceae	Aeromonas	Aeromonas_veronii
Agaricus_bisporus	Fungi	Basidiomycota	Agaricomycetes	Agaricales	Agaricaceae	Agaricus	Agaricus_bisporus
Aggregatibacter_segnis	Bacteria	Proteobacteria	Gammaproteobacteria	Pasteurellales	Pasteurellaceae	Aggregatibacter	Aggregatibacter_segnis
Akkermansia_muciniphila	Bacteria	Verrucomicrobia	Verrucomicrobiae	Verrucomicrobiales	Akkermansiaceae	Akkermansia	Akkermansia_muciniphila
Alcaligenes_faecalis	Bacteria	Proteobacteria	Betaproteobacteria	Burkholderiales	Alcaligenaceae	Alcaligenes	Alcaligenes_faecalis
Alistipes_finegoldii	Bacteria	Bacteroidetes	Bacteroidia	Bacteroidales	Rikenellaceae	Alistipes	Alistipes_finegoldii
Alistipes_indistinctus	Bacteria	Bacteroidetes	Bacteroidia	Bacteroidales	Rikenellaceae	Alistipes	Alistipes_indistinctus
Alistipes_putredinis	Bacteria	Bacteroidetes	Bacteroidia	Bacteroidales	Rikenellaceae	Alistipes	Alistipes_putredinis
Alistipes_shahii	Bacteria	Bacteroidetes	Bacteroidia	Bacteroidales	Rikenellaceae	Alistipes	Alistipes_shahii
Alloiococcus_otitis	Bacteria	Firmicutes	Bacilli	Lactobacillales	Carnobacteriaceae	Alloiococcus	Alloiococcus_otitis
Alloscardovia_omnicolens	Bacteria	Actinobacteria	Actinobacteria	Bifidobacteriales	Bifidobacteriaceae	Alloscardovia	Alloscardovia_omnicolens
Alternaria_alternata	Fungi	Ascomycota	Dothideomycetes	Pleosporales	Pleosporaceae	Alternaria	Alternaria_alternata
Anaerostipes_hadrus	Bacteria	Firmicutes	Clostridia	Clostridiales	Lachnospiraceae	Anaerostipes	Anaerostipes_hadrus
Arcobacter_nitrofigilis	Bacteria	Proteobacteria	Epsilonproteobacteria	Campylobacterales	Campylobacteraceae	Arcobacter	Arcobacter_nitrofigilis
Arthrobacter_agilis	Bacteria	Actinobacteria	Actinobacteria	Micrococcales	Micrococcaceae	Arthrobacter	Arthrobacter_agilis
Arthrobacter_globiformis	Bacteria	Actinobacteria	Actinobacteria	Micrococcales	Micrococcaceae	Arthrobacter	Arthrobacter_globiformis
Aureobasidium_namibiae	Fungi	Ascomycota	Dothideomycetes	Dothideales	Saccotheciaceae	Aureobasidium	Aureobasidium_namibiae
Aureobasidium_pullulans	Fungi	Ascomycota	Dothideomycetes	Dothideales	Saccotheciaceae	Aureobasidium	Aureobasidium_pullulans
Bacillus_anthracis	Bacteria	Firmicutes	Bacilli	Bacillales	Bacillaceae	Bacillus	Bacillus_anthracis
Bacillus_clausii	Bacteria	Firmicutes	Bacilli	Bacillales	Bacillaceae	Bacillus	Bacillus_clausii
Bacillus_flexus	Bacteria	Firmicutes	Bacilli	Bacillales	Bacillaceae	Bacillus	Bacillus_flexus
Bacillus_subtilis	Bacteria	Firmicutes	Bacilli	Bacillales	Bacillaceae	Bacillus	Bacillus_subtilis
Bacteroides_caccae	Bacteria	Bacteroidetes	Bacteroidia	Bacteroidales	Bacteroidaceae	Bacteroides	Bacteroides_caccae
Bacteroides_dorei	Bacteria	Bacteroidetes	Bacteroidia	Bacteroidales	Bacteroidaceae	Bacteroides	Bacteroides_dorei
Bacteroides_eggerthii	Bacteria	Bacteroidetes	Bacteroidia	Bacteroidales	Bacteroidaceae	Bacteroides	Bacteroides_eggerthii
Bacteroides_fragilis	Bacteria	Bacteroidetes	Bacteroidia	Bacteroidales	Bacteroidaceae	Bacteroides	Bacteroides_fragilis
Bacteroides_ovatus	Bacteria	Bacteroidetes	Bacteroidia	Bacteroidales	Bacteroidaceae	Bacteroides	Bacteroides_ovatus
Bacteroides_salyersiae	Bacteria	Bacteroidetes	Bacteroidia	Bacteroidales	Bacteroidaceae	Bacteroides	Bacteroides_salyersiae
Bacteroides_thetaiotaomicron	Bacteria	Bacteroidetes	Bacteroidia	Bacteroidales	Bacteroidaceae	Bacteroides	Bacteroides_thetaiotaomicron
Bacteroides_uniformis	Bacteria	Bacteroidetes	Bacteroidia	Bacteroidales	Bacteroidaceae	Bacteroides	Bacteroides_uniformis
Bacteroides_vulgatus	Bacteria	Bacteroidetes	Bacteroidia	Bacteroidales	Bacteroidaceae	Bacteroides	Bacteroides_vulgatus
Bacteroides_xylanisolvens	Bacteria	Bacteroidetes	Bacteroidia	Bacteroidales	Bacteroidaceae	Bacteroides	Bacteroides_xylanisolvens
Barnesiella_intestinihominis	Bacteria	Bacteroidetes	Bacteroidia	Bacteroidales	Barnesiellaceae	Barnesiella	Barnesiella_intestinihominis
Bifidobacterium_adolescentis	Bacteria	Actinobacteria	Actinobacteria	Bifidobacteriales	Bifidobacteriaceae	Bifidobacterium	Bifidobacterium_adolescentis
Bifidobacterium_animalis	Bacteria	Actinobacteria	Actinobacteria	Bifidobacteriales	Bifidobacteriaceae	Bifidobacterium	Bifidobacterium_animalis
Bifidobacterium_bifidum	Bacteria	Actinobacteria	Actinobacteria	Bifidobacteriales	Bifidobacteriaceae	Bifidobacterium	Bifidobacterium_bifidum
Bifidobacterium_breve	Bacteria	Actinobacteria	Actinobacteria	Bifidobacteriales	Bifidobacteriaceae	Bifidobacterium	Bifidobacterium_breve
Bifidobacterium_catenulatum	Bacteria	Actinobacteria	Actinobacteria	Bifidobacteriales	Bifidobacteriaceae	Bifidobacterium	Bifidobacterium_catenulatum
Bifidobacterium_dentium	Bacteria	Actinobacteria	Actinobacteria	Bifidobacteriales	Bifidobacteriaceae	Bifidobacterium	Bifidobacterium_dentium
Bifidobacterium_longum	Bacteria	Actinobacteria	Actinobacteria	Bifidobacteriales	Bifidobacteriaceae	Bifidobacterium	Bifidobacterium_longum
Bifidobacterium_pseudocatenulatum	Bacteria	Actinobacteria	Actinobacteria	Bifidobacteriales	Bifidobacteriaceae	Bifidobacterium	Bifidobacterium_pseudocatenulatum
Bilophila_wadsworthia	Bacteria	Proteobacteria	Deltaproteobacteria	Desulfovibrionales	Desulfovibrionaceae	Bilophila	Bilophila_wadsworthia
Bipolaris_zeicola	Fungi	Ascomycota	Dothideomycetes	Pleosporales	Pleosporaceae	Bipolaris	Bipolaris_zeicola
Blastococcus_aggregatus	Bacteria	Actinobacteria	Actinobacteria	Geodermatophilales	Geodermatophilaceae	Blastococcus	Blastococcus_aggregatus
Blautia_obeum	Bacteria	Firmicutes	Clostridia	Clostridiales	Lachnospiraceae	Blautia	Blautia_obeum
Brachybacterium_muris	Bacteria	Actinobacteria	Actinobacteria	Micrococcales	Dermabacteraceae	Brachybacterium	Brachybacterium_muris
Brachybacterium_squillarum	Bacteria	Actinobacteria	Actinobacteria	Micrococcales	Dermabacteraceae	Brachybacterium	Brachybacterium_squillarum
Bulleidia_extructa	Bacteria	Firmicutes	Erysipelotrichia	Erysipelotrichales	Erysipelotrichaceae	Bulleidia	Bulleidia_extructa
Byssochlamys_spectabilis	Fungi	Ascomycota	Eurotiomycetes	Eurotiales	Thermoascaceae	Byssochlamys	Byssochlamys_spectabilis
Campylobacter_concisus	Bacteria	Proteobacteria	Epsilonproteobacteria	Campylobacterales	Campylobacteraceae	Campylobacter	Campylobacter_concisus
Campylobacter_gracilis	Bacteria	Proteobacteria	Epsilonproteobacteria	Campylobacterales	Campylobacteraceae	Campylobacter	Campylobacter_gracilis
Campylobacter_ureolyticus	Bacteria	Proteobacteria	Epsilonproteobacteria	Campylobacterales	Campylobacteraceae	Campylobacter	Campylobacter_ureolyticus
Candida_albicans	Fungi	Ascomycota	Saccharomycetes	Saccharomycetales	Debaryomycetaceae	Candida	Candida_albicans
Candida_glabrata	Fungi	Ascomycota	Saccharomycetes	Saccharomycetales	Saccharomycetaceae	Nakaseomyces	Candida_glabrata
Candida_orthopsilosis	Fungi	Ascomycota	Saccharomycetes	Saccharomycetales	Debaryomycetaceae	Candida	Candida_orthopsilosis
Candida_tropicalis	Fungi	Ascomycota	Saccharomycetes	Saccharomycetales	Debaryomycetaceae	Candida	Candida_tropicalis
Capnocytophaga_gingivalis	Bacteria	Bacteroidetes	Flavobacteriia	Flavobacteriales	Flavobacteriaceae	Capnocytophaga	Capnocytophaga_gingivalis
Capnocytophaga_leadbetteri	Bacteria	Bacteroidetes	Flavobacteriia	Flavobacteriales	Flavobacteriaceae	Capnocytophaga	Capnocytophaga_leadbetteri
Capnocytophaga_ochracea	Bacteria	Bacteroidetes	Flavobacteriia	Flavobacteriales	Flavobacteriaceae	Capnocytophaga	Capnocytophaga_ochracea
Cardiobacterium_valvarum	Bacteria	Proteobacteria	Gammaproteobacteria	Cardiobacteriales	Cardiobacteriaceae	Cardiobacterium	Cardiobacterium_valvarum
Cellulomonas_hominis	Bacteria	Actinobacteria	Actinobacteria	Micrococcales	Cellulomonadaceae	Cellulomonas	Cellulomonas_hominis
Cellulomonas_xylanilytica	Bacteria	Actinobacteria	Actinobacteria	Micrococcales	Cellulomonadaceae	Cellulomonas	Cellulomonas_xylanilytica
Chryseobacterium_hispanicum	Bacteria	Bacteroidetes	Flavobacteriia	Flavobacteriales	Flavobacteriaceae	Chryseobacterium	Chryseobacterium_hispanicum
Citrobacter_freundii	Bacteria	Proteobacteria	Gammaproteobacteria	Enterobacterales	Enterobacteriaceae	Citrobacter	Citrobacter_freundii
Clostridium_paraputrificum	Bacteria	Firmicutes	Clostridia	Clostridiales	Clostridiaceae	Clostridium	Clostridium_paraputrificum
Clostridium_perfringens	Bacteria	Firmicutes	Clostridia	Clostridiales	Clostridiaceae	Clostridium	Clostridium_perfringens
Collinsella_aerofaciens	Bacteria	Actinobacteria	Coriobacteriia	Coriobacteriales	Coriobacteriaceae	Collinsella	Collinsella_aerofaciens
Coniosporium_apollinis	Fungi	Ascomycota	Dothideomycetes	other	other	Bonordeniella	Coniosporium_apollinis
Coprococcus_catus	Bacteria	Firmicutes	Clostridia	Clostridiales	Lachnospiraceae	Coprococcus	Coprococcus_catus
Coprococcus_comes	Bacteria	Firmicutes	Clostridia	Clostridiales	Lachnospiraceae	Coprococcus	Coprococcus_comes
Coprococcus_eutactus	Bacteria	Firmicutes	Clostridia	Clostridiales	Lachnospiraceae	Coprococcus	Coprococcus_eutactus
Corynebacterium_accolens	Bacteria	Actinobacteria	Actinobacteria	Corynebacteriales	Corynebacteriaceae	Corynebacterium	Corynebacterium_accolens
Corynebacterium_aurimucosum	Bacteria	Actinobacteria	Actinobacteria	Corynebacteriales	Corynebacteriaceae	Corynebacterium	Corynebacterium_aurimucosum
Corynebacterium_durum	Bacteria	Actinobacteria	Actinobacteria	Corynebacteriales	Corynebacteriaceae	Corynebacterium	Corynebacterium_durum
Corynebacterium_minutissimum	Bacteria	Actinobacteria	Actinobacteria	Corynebacteriales	Corynebacteriaceae	Corynebacterium	Corynebacterium_minutissimum
Corynebacterium_simulans	Bacteria	Actinobacteria	Actinobacteria	Corynebacteriales	Corynebacteriaceae	Corynebacterium	Corynebacterium_simulans
Corynebacterium_singulare	Bacteria	Actinobacteria	Actinobacteria	Corynebacteriales	Corynebacteriaceae	Corynebacterium	Corynebacterium_singulare
Corynebacterium_stationis	Bacteria	Actinobacteria	Actinobacteria	Corynebacteriales	Corynebacteriaceae	Corynebacterium	Corynebacterium_stationis
Corynebacterium_striatum	Bacteria	Actinobacteria	Actinobacteria	Corynebacteriales	Corynebacteriaceae	Corynebacterium	Corynebacterium_striatum
Corynebacterium_xerosis	Bacteria	Actinobacteria	Actinobacteria	Corynebacteriales	Corynebacteriaceae	Corynebacterium	Corynebacterium_xerosis
Cyberlindnera_jadinii	Fungi	Ascomycota	Saccharomycetes	Saccharomycetales	Phaffomycetaceae	Cyberlindnera	Cyberlindnera_jadinii
Cyphellophora_europaea	Fungi	Ascomycota	Eurotiomycetes	Chaetothyriales	Cyphellophoraceae	Cyphellophora	Cyphellophora_europaea
Debaryomyces_hansenii	Fungi	Ascomycota	Saccharomycetes	Saccharomycetales	Debaryomycetaceae	Debaryomyces	Debaryomyces_hansenii
Desemzia_incerta	Bacteria	Firmicutes	Bacilli	Lactobacillales	Carnobacteriaceae	Desemzia	Desemzia_incerta
Dialister_pneumosintes	Bacteria	Firmicutes	Negativicutes	Veillonellales	Veillonellaceae	Dialister	Dialister_pneumosintes
Diaphorobacter_nitroreducens	Bacteria	Proteobacteria	Betaproteobacteria	Burkholderiales	Comamonadaceae	Diaphorobacter	Diaphorobacter_nitroreducens
Dietzia_cinnamea	Bacteria	Actinobacteria	Actinobacteria	Corynebacteriales	Dietziaceae	Dietzia	Dietzia_cinnamea
Dorea_formicigenerans	Bacteria	Firmicutes	Clostridia	Clostridiales	Lachnospiraceae	Dorea	Dorea_formicigenerans
Dorea_longicatena	Bacteria	Firmicutes	Clostridia	Clostridiales	Lachnospiraceae	Dorea	Dorea_longicatena
Eggerthella_lenta	Bacteria	Actinobacteria	Coriobacteriia	Eggerthellales	Eggerthellaceae	Eggerthella	Eggerthella_lenta
Eikenella_corrodens	Bacteria	Proteobacteria	Betaproteobacteria	Neisseriales	Neisseriaceae	Eikenella	Eikenella_corrodens
Empedobacter_falsenii	Bacteria	Bacteroidetes	Flavobacteriia	Flavobacteriales	Flavobacteriaceae	Empedobacter	Empedobacter_falsenii
Enterobacter_asburiae	Bacteria	Proteobacteria	Gammaproteobacteria	Enterobacterales	Enterobacteriaceae	Enterobacter	Enterobacter_asburiae
Enterobacter_cancerogenus	Bacteria	Proteobacteria	Gammaproteobacteria	Enterobacterales	Enterobacteriaceae	Enterobacter	Enterobacter_cancerogenus
Enterobacter_cloacae	Bacteria	Proteobacteria	Gammaproteobacteria	Enterobacterales	Enterobacteriaceae	Enterobacter	Enterobacter_cloacae
Enterococcus_cecorum	Bacteria	Firmicutes	Bacilli	Lactobacillales	Enterococcaceae	Enterococcus	Enterococcus_cecorum
Enterococcus_durans	Bacteria	Firmicutes	Bacilli	Lactobacillales	Enterococcaceae	Enterococcus	Enterococcus_durans
Enterococcus_faecium	Bacteria	Firmicutes	Bacilli	Lactobacillales	Enterococcaceae	Enterococcus	Enterococcus_faecium
Enterococcus_gallinarum	Bacteria	Firmicutes	Bacilli	Lactobacillales	Enterococcaceae	Enterococcus	Enterococcus_gallinarum
Erwinia_persicina	Bacteria	Proteobacteria	Gammaproteobacteria	Enterobacterales	Erwiniaceae	Erwinia	Erwinia_persicina
Exiguobacterium_aurantiacum	Bacteria	Firmicutes	Bacilli	Bacillales	other	Exiguobacterium	Exiguobacterium_aurantiacum
Faecalibacterium_prausnitzii	Bacteria	Firmicutes	Clostridia	Clostridiales	Ruminococcaceae	Faecalibacterium	Faecalibacterium_prausnitzii
Flavonifractor_plautii	Bacteria	Firmicutes	Clostridia	Clostridiales	Ruminococcaceae	Flavonifractor	Flavonifractor_plautii
Fusarium_oxysporum	Fungi	Ascomycota	Sordariomycetes	Hypocreales	Nectriaceae	Fusarium	Fusarium_oxysporum
Fusobacterium_nucleatum	Bacteria	Fusobacteria	Fusobacteriia	Fusobacteriales	Fusobacteriaceae	Fusobacterium	Fusobacterium_nucleatum
Fusobacterium_periodonticum	Bacteria	Fusobacteria	Fusobacteriia	Fusobacteriales	Fusobacteriaceae	Fusobacterium	Fusobacterium_periodonticum
Gardnerella_vaginalis	Bacteria	Actinobacteria	Actinobacteria	Bifidobacteriales	Bifidobacteriaceae	Gardnerella	Gardnerella_vaginalis
Gemella_haemolysans	Bacteria	Firmicutes	Bacilli	Bacillales	other	Gemella	Gemella_haemolysans
Gemella_sanguinis	Bacteria	Firmicutes	Bacilli	Bacillales	other	Gemella	Gemella_sanguinis
Gluconacetobacter_liquefaciens	Bacteria	Proteobacteria	Alphaproteobacteria	Rhodospirillales	Acetobacteraceae	Gluconacetobacter	Gluconacetobacter_liquefaciens
Granulicatella_adiacens	Bacteria	Firmicutes	Bacilli	Lactobacillales	Carnobacteriaceae	Granulicatella	Granulicatella_adiacens
Granulicatella_elegans	Bacteria	Firmicutes	Bacilli	Lactobacillales	Carnobacteriaceae	Granulicatella	Granulicatella_elegans
Halomonas_venusta	Bacteria	Proteobacteria	Gammaproteobacteria	Oceanospirillales	Halomonadaceae	Halomonas	Halomonas_venusta
Hungatella_hathewayi	Bacteria	Firmicutes	Clostridia	Clostridiales	Clostridiaceae	Hungatella	Hungatella_hathewayi
Hyphopichia_burtonii	Fungi	Ascomycota	Saccharomycetes	Saccharomycetales	Debaryomycetaceae	Hyphopichia	Hyphopichia_burtonii
Jeotgalicoccus_psychrophilus	Bacteria	Firmicutes	Bacilli	Bacillales	Staphylococcaceae	Jeotgalicoccus	Jeotgalicoccus_psychrophilus
Kingella_oralis	Bacteria	Proteobacteria	Betaproteobacteria	Neisseriales	Neisseriaceae	Kingella	Kingella_oralis
Klebsiella_oxytoca	Bacteria	Proteobacteria	Gammaproteobacteria	Enterobacterales	Enterobacteriaceae	Klebsiella	Klebsiella_oxytoca
Klebsiella_pneumoniae	Bacteria	Proteobacteria	Gammaproteobacteria	Enterobacterales	Enterobacteriaceae	Klebsiella	Klebsiella_pneumoniae
Lachnoanaerobaculum_orale	Bacteria	Firmicutes	Clostridia	Clostridiales	Lachnospiraceae	Lachnoanaerobaculum	Lachnoanaerobaculum_orale
Lactobacillus_acidophilus	Bacteria	Firmicutes	Bacilli	Lactobacillales	Lactobacillaceae	Lactobacillus	Lactobacillus_acidophilus
Lactobacillus_casei	Bacteria	Firmicutes	Bacilli	Lactobacillales	Lactobacillaceae	Lactobacillus	Lactobacillus_casei
Lactobacillus_delbrueckii	Bacteria	Firmicutes	Bacilli	Lactobacillales	Lactobacillaceae	Lactobacillus	Lactobacillus_delbrueckii
Lactobacillus_gasseri	Bacteria	Firmicutes	Bacilli	Lactobacillales	Lactobacillaceae	Lactobacillus	Lactobacillus_gasseri
Lactobacillus_iners	Bacteria	Firmicutes	Bacilli	Lactobacillales	Lactobacillaceae	Lactobacillus	Lactobacillus_iners
Lactobacillus_kitasatonis	Bacteria	Firmicutes	Bacilli	Lactobacillales	Lactobacillaceae	Lactobacillus	Lactobacillus_kitasatonis
Lactobacillus_plantarum	Bacteria	Firmicutes	Bacilli	Lactobacillales	Lactobacillaceae	Lactobacillus	Lactobacillus_plantarum
Lactobacillus_ruminis	Bacteria	Firmicutes	Bacilli	Lactobacillales	Lactobacillaceae	Lactobacillus	Lactobacillus_ruminis
Lactobacillus_salivarius	Bacteria	Firmicutes	Bacilli	Lactobacillales	Lactobacillaceae	Lactobacillus	Lactobacillus_salivarius
Lactobacillus_vaginalis	Bacteria	Firmicutes	Bacilli	Lactobacillales	Lactobacillaceae	Lactobacillus	Lactobacillus_vaginalis
Lactococcus_chungangensis	Bacteria	Firmicutes	Bacilli	Lactobacillales	Streptococcaceae	Lactococcus	Lactococcus_chungangensis
Lactococcus_garvieae	Bacteria	Firmicutes	Bacilli	Lactobacillales	Streptococcaceae	Lactococcus	Lactococcus_garvieae
Lactococcus_raffinolactis	Bacteria	Firmicutes	Bacilli	Lactobacillales	Streptococcaceae	Lactococcus	Lactococcus_raffinolactis
Leptotrichia_buccalis	Bacteria	Fusobacteria	Fusobacteriia	Fusobacteriales	Leptotrichiaceae	Leptotrichia	Leptotrichia_buccalis
Leptotrichia_hongkongensis	Bacteria	Fusobacteria	Fusobacteriia	Fusobacteriales	Leptotrichiaceae	Leptotrichia	Leptotrichia_hongkongensis
Leptotrichia_trevisanii	Bacteria	Fusobacteria	Fusobacteriia	Fusobacteriales	Leptotrichiaceae	Leptotrichia	Leptotrichia_trevisanii
Leptotrichia_wadei	Bacteria	Fusobacteria	Fusobacteriia	Fusobacteriales	Leptotrichiaceae	Leptotrichia	Leptotrichia_wadei
Leuconostoc_citreum	Bacteria	Firmicutes	Bacilli	Lactobacillales	Leuconostocaceae	Leuconostoc	Leuconostoc_citreum
Leuconostoc_mesenteroides	Bacteria	Firmicutes	Bacilli	Lactobacillales	Leuconostocaceae	Leuconostoc	Leuconostoc_mesenteroides
Lysinibacillus_boronitolerans	Bacteria	Firmicutes	Bacilli	Bacillales	Bacillaceae	Lysinibacillus	Lysinibacillus_boronitolerans
Malassezia_globosa	Fungi	Basidiomycota	Malasseziomycetes	Malasseziales	Malasseziaceae	Malassezia	Malassezia_globosa
Malassezia_restricta	Fungi	Basidiomycota	Malasseziomycetes	Malasseziales	Malasseziaceae	Malassezia	Malassezia_restricta
Malassezia_sympodialis	Fungi	Basidiomycota	Malasseziomycetes	Malasseziales	Malasseziaceae	Malassezia	Malassezia_sympodialis
Massilia_oculi	Bacteria	Proteobacteria	Betaproteobacteria	Burkholderiales	Oxalobacteraceae	Massilia	Massilia_oculi
Massilia_timonae	Bacteria	Proteobacteria	Betaproteobacteria	Burkholderiales	Oxalobacteraceae	Massilia	Massilia_timonae
Mesorhizobium_loti	Bacteria	Proteobacteria	Alphaproteobacteria	Rhizobiales	Phyllobacteriaceae	Mesorhizobium	Mesorhizobium_loti
Methylobacterium_phyllosphaerae	Bacteria	Proteobacteria	Alphaproteobacteria	Rhizobiales	Methylobacteriaceae	Methylobacterium	Methylobacterium_phyllosphaerae
Microbispora_rosea	Bacteria	Actinobacteria	Actinobacteria	Streptosporangiales	Streptosporangiaceae	Microbispora	Microbispora_rosea
Mobiluncus_curtisii	Bacteria	Actinobacteria	Actinobacteria	Actinomycetales	Actinomycetaceae	Mobiluncus	Mobiluncus_curtisii
Moraxella_catarrhalis	Bacteria	Proteobacteria	Gammaproteobacteria	Pseudomonadales	Moraxellaceae	Moraxella	Moraxella_catarrhalis
Morganella_morganii	Bacteria	Proteobacteria	Gammaproteobacteria	Enterobacterales	Morganellaceae	Morganella	Morganella_morganii
Myroides_odoratimimus	Bacteria	Bacteroidetes	Flavobacteriia	Flavobacteriales	Flavobacteriaceae	Myroides	Myroides_odoratimimus
Neisseria_elongata	Bacteria	Proteobacteria	Betaproteobacteria	Neisseriales	Neisseriaceae	Neisseria	Neisseria_elongata
Neisseria_macacae	Bacteria	Proteobacteria	Betaproteobacteria	Neisseriales	Neisseriaceae	Neisseria	Neisseria_macacae
Neisseria_perflava	Bacteria	Proteobacteria	Betaproteobacteria	Neisseriales	Neisseriaceae	Neisseria	Neisseria_perflava
Neisseria_subflava	Bacteria	Proteobacteria	Betaproteobacteria	Neisseriales	Neisseriaceae	Neisseria	Neisseria_subflava
Nocardioides_ganghwensis	Bacteria	Actinobacteria	Actinobacteria	Propionibacteriales	Nocardioidaceae	Nocardioides	Nocardioides_ganghwensis
Ochrobactrum_haematophilum	Bacteria	Proteobacteria	Alphaproteobacteria	Rhizobiales	Brucellaceae	Ochrobactrum	Ochrobactrum_haematophilum
Oribacterium_asaccharolyticum	Bacteria	Firmicutes	Clostridia	Clostridiales	Lachnospiraceae	Oribacterium	Oribacterium_asaccharolyticum
Pantoea_agglomerans	Bacteria	Proteobacteria	Gammaproteobacteria	Enterobacterales	Erwiniaceae	Pantoea	Pantoea_agglomerans
Pantoea_brenneri	Bacteria	Proteobacteria	Gammaproteobacteria	Enterobacterales	Erwiniaceae	Pantoea	Pantoea_brenneri
Parabacteroides_distasonis	Bacteria	Bacteroidetes	Bacteroidia	Bacteroidales	Tannerellaceae	Parabacteroides	Parabacteroides_distasonis
Parabacteroides_goldsteinii	Bacteria	Bacteroidetes	Bacteroidia	Bacteroidales	Tannerellaceae	Parabacteroides	Parabacteroides_goldsteinii
Parabacteroides_merdae	Bacteria	Bacteroidetes	Bacteroidia	Bacteroidales	Tannerellaceae	Parabacteroides	Parabacteroides_merdae
Paracoccus_chinensis	Bacteria	Proteobacteria	Alphaproteobacteria	Rhodobacterales	Rhodobacteraceae	Paracoccus	Paracoccus_chinensis
Paracoccus_marcusii	Bacteria	Proteobacteria	Alphaproteobacteria	Rhodobacterales	Rhodobacteraceae	Paracoccus	Paracoccus_marcusii
Paracoccus_marinus	Bacteria	Proteobacteria	Alphaproteobacteria	Rhodobacterales	Rhodobacteraceae	Paracoccus	Paracoccus_marinus
Parvimonas_micra	Bacteria	Firmicutes	Tissierellia	Tissierellales	Peptoniphilaceae	Parvimonas	Parvimonas_micra
Penicillium_expansum	Fungi	Ascomycota	Eurotiomycetes	Eurotiales	Aspergillaceae	Penicillium	Penicillium_expansum
Peptostreptococcus_stomatis	Bacteria	Firmicutes	Clostridia	Clostridiales	Peptostreptococcaceae	Peptostreptococcus	Peptostreptococcus_stomatis
Planomicrobium_okeanokoites	Bacteria	Firmicutes	Bacilli	Bacillales	Planococcaceae	Planomicrobium	Planomicrobium_okeanokoites
Pneumocystis_jirovecii	Fungi	Ascomycota	Pneumocystidomycetes	Pneumocystidales	Pneumocystidaceae	Pneumocystis	Pneumocystis_jirovecii
Porphyromonas_asaccharolytica	Bacteria	Bacteroidetes	Bacteroidia	Bacteroidales	Porphyromonadaceae	Porphyromonas	Porphyromonas_asaccharolytica
Porphyromonas_uenonis	Bacteria	Bacteroidetes	Bacteroidia	Bacteroidales	Porphyromonadaceae	Porphyromonas	Porphyromonas_uenonis
Prevotella_baroniae	Bacteria	Bacteroidetes	Bacteroidia	Bacteroidales	Prevotellaceae	Prevotella	Prevotella_baroniae
Prevotella_buccae	Bacteria	Bacteroidetes	Bacteroidia	Bacteroidales	Prevotellaceae	Prevotella	Prevotella_buccae
Prevotella_buccalis	Bacteria	Bacteroidetes	Bacteroidia	Bacteroidales	Prevotellaceae	Prevotella	Prevotella_buccalis
Prevotella_copri	Bacteria	Bacteroidetes	Bacteroidia	Bacteroidales	Prevotellaceae	Prevotella	Prevotella_copri
Prevotella_denticola	Bacteria	Bacteroidetes	Bacteroidia	Bacteroidales	Prevotellaceae	Prevotella	Prevotella_denticola
Prevotella_melaninogenica	Bacteria	Bacteroidetes	Bacteroidia	Bacteroidales	Prevotellaceae	Prevotella	Prevotella_melaninogenica
Prevotella_nigrescens	Bacteria	Bacteroidetes	Bacteroidia	Bacteroidales	Prevotellaceae	Prevotella	Prevotella_nigrescens
Prevotella_oris	Bacteria	Bacteroidetes	Bacteroidia	Bacteroidales	Prevotellaceae	Prevotella	Prevotella_oris
Prevotella_pallens	Bacteria	Bacteroidetes	Bacteroidia	Bacteroidales	Prevotellaceae	Prevotella	Prevotella_pallens
Prevotella_stercorea	Bacteria	Bacteroidetes	Bacteroidia	Bacteroidales	Prevotellaceae	Prevotella	Prevotella_stercorea
Prevotella_timonensis	Bacteria	Bacteroidetes	Bacteroidia	Bacteroidales	Prevotellaceae	Prevotella	Prevotella_timonensis
Propionimicrobium_lymphophilum	Bacteria	Actinobacteria	Actinobacteria	Propionibacteriales	Propionibacteriaceae	Propionimicrobium	Propionimicrobium_lymphophilum
Pseudochrobactrum_saccharolyticum	Bacteria	Proteobacteria	Alphaproteobacteria	Rhizobiales	Brucellaceae	Pseudochrobactrum	Pseudochrobactrum_saccharolyticum
Pseudomonas_aeruginosa	Bacteria	Proteobacteria	Gammaproteobacteria	Pseudomonadales	Pseudomonadaceae	Pseudomonas	Pseudomonas_aeruginosa
Pseudomonas_alcaligenes	Bacteria	Proteobacteria	Gammaproteobacteria	Pseudomonadales	Pseudomonadaceae	Pseudomonas	Pseudomonas_alcaligenes
Pseudomonas_argentinensis	Bacteria	Proteobacteria	Gammaproteobacteria	Pseudomonadales	Pseudomonadaceae	Pseudomonas	Pseudomonas_argentinensis
Pseudomonas_asplenii	Bacteria	Proteobacteria	Gammaproteobacteria	Pseudomonadales	Pseudomonadaceae	Pseudomonas	Pseudomonas_asplenii
Pseudomonas_baetica	Bacteria	Proteobacteria	Gammaproteobacteria	Pseudomonadales	Pseudomonadaceae	Pseudomonas	Pseudomonas_baetica
Pseudomonas_balearica	Bacteria	Proteobacteria	Gammaproteobacteria	Pseudomonadales	Pseudomonadaceae	Pseudomonas	Pseudomonas_balearica
Pseudomonas_chlororaphis	Bacteria	Proteobacteria	Gammaproteobacteria	Pseudomonadales	Pseudomonadaceae	Pseudomonas	Pseudomonas_chlororaphis
Pseudomonas_flavescens	Bacteria	Proteobacteria	Gammaproteobacteria	Pseudomonadales	Pseudomonadaceae	Pseudomonas	Pseudomonas_flavescens
Pseudomonas_fulva	Bacteria	Proteobacteria	Gammaproteobacteria	Pseudomonadales	Pseudomonadaceae	Pseudomonas	Pseudomonas_fulva
Pseudomonas_libanensis	Bacteria	Proteobacteria	Gammaproteobacteria	Pseudomonadales	Pseudomonadaceae	Pseudomonas	Pseudomonas_libanensis
Pseudomonas_mandelii	Bacteria	Proteobacteria	Gammaproteobacteria	Pseudomonadales	Pseudomonadaceae	Pseudomonas	Pseudomonas_mandelii
Pseudomonas_mendocina	Bacteria	Proteobacteria	Gammaproteobacteria	Pseudomonadales	Pseudomonadaceae	Pseudomonas	Pseudomonas_mendocina
Pseudomonas_migulae	Bacteria	Proteobacteria	Gammaproteobacteria	Pseudomonadales	Pseudomonadaceae	Pseudomonas	Pseudomonas_migulae
Pseudomonas_oleovorans	Bacteria	Proteobacteria	Gammaproteobacteria	Pseudomonadales	Pseudomonadaceae	Pseudomonas	Pseudomonas_oleovorans
Pseudomonas_otitidis	Bacteria	Proteobacteria	Gammaproteobacteria	Pseudomonadales	Pseudomonadaceae	Pseudomonas	Pseudomonas_otitidis
Pseudomonas_syringae	Bacteria	Proteobacteria	Gammaproteobacteria	Pseudomonadales	Pseudomonadaceae	Pseudomonas	Pseudomonas_syringae
Pseudomonas_viridiflava	Bacteria	Proteobacteria	Gammaproteobacteria	Pseudomonadales	Pseudomonadaceae	Pseudomonas	Pseudomonas_viridiflava
Pseudoxanthomonas_mexicana	Bacteria	Proteobacteria	Gammaproteobacteria	Xanthomonadales	Xanthomonadaceae	Pseudoxanthomonas	Pseudoxanthomonas_mexicana
Pseudozyma_hubeiensis	Fungi	Basidiomycota	Ustilaginomycetes	Ustilaginales	Ustilaginaceae	Pseudozyma	Pseudozyma_hubeiensis
Psychrobacter_cryohalolentis	Bacteria	Proteobacteria	Gammaproteobacteria	Pseudomonadales	Moraxellaceae	Psychrobacter	Psychrobacter_cryohalolentis
Pyrenophora_tritici.repentis	Fungi	Ascomycota	Dothideomycetes	Pleosporales	Pleosporaceae	Pyrenophora	Pyrenophora_tritici-repentis
Rahnella_aquatilis	Bacteria	Proteobacteria	Gammaproteobacteria	Enterobacterales	Yersiniaceae	Rahnella	Rahnella_aquatilis
Ramularia_collo.cygni	Fungi	Ascomycota	Dothideomycetes	Mycosphaerellales	Mycosphaerellaceae	Ramularia	Ramularia_collo-cygni
Rhodococcus_corynebacterioides	Bacteria	Actinobacteria	Actinobacteria	Corynebacteriales	Nocardiaceae	Rhodococcus	Rhodococcus_corynebacterioides
Rhodococcus_erythropolis	Bacteria	Actinobacteria	Actinobacteria	Corynebacteriales	Nocardiaceae	Rhodococcus	Rhodococcus_erythropolis
Rhodotorula_graminis	Fungi	Basidiomycota	Microbotryomycetes	Sporidiobolales	Sporidiobolaceae	Rhodotorula	Rhodotorula_graminis
Rickettsia_felis	Bacteria	Proteobacteria	Alphaproteobacteria	Rickettsiales	Rickettsiaceae	Rickettsia	Rickettsia_felis
Roseburia_faecis	Bacteria	Firmicutes	Clostridia	Clostridiales	Lachnospiraceae	Roseburia	Roseburia_faecis
Roseburia_hominis	Bacteria	Firmicutes	Clostridia	Clostridiales	Lachnospiraceae	Roseburia	Roseburia_hominis
Roseburia_intestinalis	Bacteria	Firmicutes	Clostridia	Clostridiales	Lachnospiraceae	Roseburia	Roseburia_intestinalis
Roseburia_inulinivorans	Bacteria	Firmicutes	Clostridia	Clostridiales	Lachnospiraceae	Roseburia	Roseburia_inulinivorans
Roseomonas_mucosa	Bacteria	Proteobacteria	Alphaproteobacteria	Rhodospirillales	Acetobacteraceae	Roseomonas	Roseomonas_mucosa
Rothia_aeria	Bacteria	Actinobacteria	Actinobacteria	Micrococcales	Micrococcaceae	Rothia	Rothia_aeria
Rothia_dentocariosa	Bacteria	Actinobacteria	Actinobacteria	Micrococcales	Micrococcaceae	Rothia	Rothia_dentocariosa
Rothia_mucilaginosa	Bacteria	Actinobacteria	Actinobacteria	Micrococcales	Micrococcaceae	Rothia	Rothia_mucilaginosa
Rothia_nasimurium	Bacteria	Actinobacteria	Actinobacteria	Micrococcales	Micrococcaceae	Rothia	Rothia_nasimurium
Rubellimicrobium_roseum	Bacteria	Proteobacteria	Alphaproteobacteria	Rhodobacterales	Rhodobacteraceae	Rubellimicrobium	Rubellimicrobium_roseum
Ruminococcus_bromii	Bacteria	Firmicutes	Clostridia	Clostridiales	Ruminococcaceae	Ruminococcus	Ruminococcus_bromii
Ruminococcus_callidus	Bacteria	Firmicutes	Clostridia	Clostridiales	Ruminococcaceae	Ruminococcus	Ruminococcus_callidus
Saccharomyces_cerevisiae	Fungi	Ascomycota	Saccharomycetes	Saccharomycetales	Saccharomycetaceae	Saccharomyces	Saccharomyces_cerevisiae
Salinicoccus_roseus	Bacteria	Firmicutes	Bacilli	Bacillales	Staphylococcaceae	Salinicoccus	Salinicoccus_roseus
Schizophyllum_commune	Fungi	Basidiomycota	Agaricomycetes	Agaricales	Schizophyllaceae	Schizophyllum	Schizophyllum_commune
Selenomonas_noxia	Bacteria	Firmicutes	Negativicutes	Selenomonadales	Selenomonadaceae	Selenomonas	Selenomonas_noxia
Serratia_marcescens	Bacteria	Proteobacteria	Gammaproteobacteria	Enterobacterales	Yersiniaceae	Serratia	Serratia_marcescens
Shewanella_decolorationis	Bacteria	Proteobacteria	Gammaproteobacteria	Alteromonadales	Shewanellaceae	Shewanella	Shewanella_decolorationis
Shewanella_putrefaciens	Bacteria	Proteobacteria	Gammaproteobacteria	Alteromonadales	Shewanellaceae	Shewanella	Shewanella_putrefaciens
Solibacillus_silvestris	Bacteria	Firmicutes	Bacilli	Bacillales	Planococcaceae	Solibacillus	Solibacillus_silvestris
Sphingobacterium_daejeonense	Bacteria	Bacteroidetes	Sphingobacteriia	Sphingobacteriales	Sphingobacteriaceae	Sphingobacterium	Sphingobacterium_daejeonense
Sphingomonas_wittichii	Bacteria	Proteobacteria	Alphaproteobacteria	Sphingomonadales	Sphingomonadaceae	Sphingomonas	Sphingomonas_wittichii
Sporisorium_graminicola	Fungi	Basidiomycota	Ustilaginomycetes	Ustilaginales	Ustilaginaceae	Sporisorium	Sporisorium_graminicola
Staphylococcus_arlettae	Bacteria	Firmicutes	Bacilli	Bacillales	Staphylococcaceae	Staphylococcus	Staphylococcus_arlettae
Staphylococcus_aureus	Bacteria	Firmicutes	Bacilli	Bacillales	Staphylococcaceae	Staphylococcus	Staphylococcus_aureus
Staphylococcus_caprae	Bacteria	Firmicutes	Bacilli	Bacillales	Staphylococcaceae	Staphylococcus	Staphylococcus_caprae
Staphylococcus_cohnii	Bacteria	Firmicutes	Bacilli	Bacillales	Staphylococcaceae	Staphylococcus	Staphylococcus_cohnii
Staphylococcus_devriesei	Bacteria	Firmicutes	Bacilli	Bacillales	Staphylococcaceae	Staphylococcus	Staphylococcus_devriesei
Staphylococcus_equorum	Bacteria	Firmicutes	Bacilli	Bacillales	Staphylococcaceae	Staphylococcus	Staphylococcus_equorum
Staphylococcus_haemolyticus	Bacteria	Firmicutes	Bacilli	Bacillales	Staphylococcaceae	Staphylococcus	Staphylococcus_haemolyticus
Staphylococcus_lugdunensis	Bacteria	Firmicutes	Bacilli	Bacillales	Staphylococcaceae	Staphylococcus	Staphylococcus_lugdunensis
Staphylococcus_pasteuri	Bacteria	Firmicutes	Bacilli	Bacillales	Staphylococcaceae	Staphylococcus	Staphylococcus_pasteuri
Staphylococcus_pettenkoferi	Bacteria	Firmicutes	Bacilli	Bacillales	Staphylococcaceae	Staphylococcus	Staphylococcus_pettenkoferi
Staphylococcus_saprophyticus	Bacteria	Firmicutes	Bacilli	Bacillales	Staphylococcaceae	Staphylococcus	Staphylococcus_saprophyticus
Staphylococcus_sciuri	Bacteria	Firmicutes	Bacilli	Bacillales	Staphylococcaceae	Staphylococcus	Staphylococcus_sciuri
Staphylococcus_warneri	Bacteria	Firmicutes	Bacilli	Bacillales	Staphylococcaceae	Staphylococcus	Staphylococcus_warneri
Stenotrophomonas_acidaminiphila	Bacteria	Proteobacteria	Gammaproteobacteria	Xanthomonadales	Xanthomonadaceae	Stenotrophomonas	Stenotrophomonas_acidaminiphila
Stereum_hirsutum	Fungi	Basidiomycota	Agaricomycetes	Russulales	Stereaceae	Stereum	Stereum_hirsutum
Streptococcus_anginosus	Bacteria	Firmicutes	Bacilli	Lactobacillales	Streptococcaceae	Streptococcus	Streptococcus_anginosus
Streptococcus_australis	Bacteria	Firmicutes	Bacilli	Lactobacillales	Streptococcaceae	Streptococcus	Streptococcus_australis
Streptococcus_constellatus	Bacteria	Firmicutes	Bacilli	Lactobacillales	Streptococcaceae	Streptococcus	Streptococcus_constellatus
Streptococcus_cristatus	Bacteria	Firmicutes	Bacilli	Lactobacillales	Streptococcaceae	Streptococcus	Streptococcus_cristatus
Streptococcus_gordonii	Bacteria	Firmicutes	Bacilli	Lactobacillales	Streptococcaceae	Streptococcus	Streptococcus_gordonii
Streptococcus_infantarius	Bacteria	Firmicutes	Bacilli	Lactobacillales	Streptococcaceae	Streptococcus	Streptococcus_infantarius
Streptococcus_infantis	Bacteria	Firmicutes	Bacilli	Lactobacillales	Streptococcaceae	Streptococcus	Streptococcus_infantis
Streptococcus_intermedius	Bacteria	Firmicutes	Bacilli	Lactobacillales	Streptococcaceae	Streptococcus	Streptococcus_intermedius
Streptococcus_mutans	Bacteria	Firmicutes	Bacilli	Lactobacillales	Streptococcaceae	Streptococcus	Streptococcus_mutans
Streptococcus_oralis	Bacteria	Firmicutes	Bacilli	Lactobacillales	Streptococcaceae	Streptococcus	Streptococcus_oralis
Streptococcus_parasanguinis	Bacteria	Firmicutes	Bacilli	Lactobacillales	Streptococcaceae	Streptococcus	Streptococcus_parasanguinis
Streptococcus_peroris	Bacteria	Firmicutes	Bacilli	Lactobacillales	Streptococcaceae	Streptococcus	Streptococcus_peroris
Streptococcus_pneumoniae	Bacteria	Firmicutes	Bacilli	Lactobacillales	Streptococcaceae	Streptococcus	Streptococcus_pneumoniae
Streptococcus_vestibularis	Bacteria	Firmicutes	Bacilli	Lactobacillales	Streptococcaceae	Streptococcus	Streptococcus_vestibularis
Streptomyces_tricolor	Bacteria	Actinobacteria	Actinobacteria	Streptomycetales	Streptomycetaceae	Streptomyces	Streptomyces_tricolor
Sutterella_wadsworthensis	Bacteria	Proteobacteria	Betaproteobacteria	Burkholderiales	Sutterellaceae	Sutterella	Sutterella_wadsworthensis
Tilletiopsis_washingtonensis	Fungi	Basidiomycota	Exobasidiomycetes	Entylomatales	other	Tilletiopsis	Tilletiopsis_washingtonensis
Torulaspora_delbrueckii	Fungi	Ascomycota	Saccharomycetes	Saccharomycetales	Saccharomycetaceae	Torulaspora	Torulaspora_delbrueckii
Treponema_socranskii	Bacteria	Spirochaetes	Spirochaetia	Spirochaetales	Spirochaetaceae	Treponema	Treponema_socranskii
Trichosporon_asahii	Fungi	Basidiomycota	Tremellomycetes	Trichosporonales	Trichosporonaceae	Trichosporon	Trichosporon_asahii
Veillonella_dispar	Bacteria	Firmicutes	Negativicutes	Veillonellales	Veillonellaceae	Veillonella	Veillonella_dispar
Veillonella_parvula	Bacteria	Firmicutes	Negativicutes	Veillonellales	Veillonellaceae	Veillonella	Veillonella_parvula
Wallemia_ichthyophaga	Fungi	Basidiomycota	Wallemiomycetes	Wallemiales	Wallemiaceae	Wallemia	Wallemia_ichthyophaga
Weissella_confusa	Bacteria	Firmicutes	Bacilli	Lactobacillales	Leuconostocaceae	Weissella	Weissella_confusa
Wickerhamomyces_anomalus	Fungi	Ascomycota	Saccharomycetes	Saccharomycetales	Phaffomycetaceae	Wickerhamomyces	Wickerhamomyces_anomalus
X.Clostridium._symbiosum	Bacteria	Firmicutes	Clostridia	Clostridiales	Lachnospiraceae	Clostridium	X.Clostridium._symbiosum
X.Eubacterium._brachy	Bacteria	Bacillota	Clostridia	Clostridiales	Eubacteriaceae	Eubacterium 	X.Eubacterium._brachy
X.Ruminococcus._gnavus	Bacteria	Firmicutes	Clostridia	Clostridiales	Ruminococcaceae	Ruminococcus	X.Ruminococcus._gnavus
X.Ruminococcus._torques	Bacteria	Firmicutes	Clostridia	Clostridiales	Ruminococcaceae	Ruminococcus	X.Ruminococcus._torques
Xanthomonas_arboricola	Bacteria	Proteobacteria	Gammaproteobacteria	Xanthomonadales	Xanthomonadaceae	Xanthomonas	Xanthomonas_arboricola
Xanthomonas_campestris	Bacteria	Proteobacteria	Gammaproteobacteria	Xanthomonadales	Xanthomonadaceae	Xanthomonas	Xanthomonas_campestris